<?xml version="1.0" encoding="UTF-8"?>
<project-private xmlns="http://www.netbeans.org/ns/project-private/1">
    <editor-bookmarks xmlns="http://www.netbeans.org/ns/editor-bookmarks/2" lastBookmarkId="0"/>
    <open-files xmlns="http://www.netbeans.org/ns/projectui-open-files/2">
        <group name="Hello World Projects">
            <file>file:/Users/dalemusser/Desktop/Grid/src/grid/Grid.java</file>
        </group>
        <group>
            <file>file:/Users/thehanemperor/Desktop/SCHOOL/cs%204330/Grid/src/grid/Grid.java</file>
        </group>
    </open-files>
</project-private>
